{
  "U-Net 2 blocks": {
    "dice_with_norm": 0.7574936926364899,
    "dice_without_norm": 0.4380969166755676,
    "iou_with_norm": 0.6112299785017967,
    "iou_without_norm": 0.28083622083067894,
    "parameters": 117681
  },
  "U-Net 3 blocks": {
    "dice_with_norm": 0.7768114179372787,
    "dice_without_norm": 0.4146945148706436,
    "iou_with_norm": 0.6355886965990066,
    "iou_without_norm": 0.26180382668972013,
    "parameters": 483441
  },
  "U-Net 4 blocks": {
    "dice_with_norm": 0.7971924602985382,
    "dice_without_norm": 0.46142155975103377,
    "iou_with_norm": 0.6630987793207168,
    "iou_without_norm": 0.3001604214310646,
    "parameters": 1944049
  }
}