Model,Dice (with norm),Dice (without norm),IoU (with norm),IoU (without norm),Parameters
U-Net 2 blocks,0.7574936926364899,0.4380969166755676,0.6112299785017967,0.28083622083067894,117681
U-Net 3 blocks,0.7768114179372787,0.4146945148706436,0.6355886965990066,0.26180382668972013,483441
U-Net 4 blocks,0.7971924602985382,0.46142155975103377,0.6630987793207168,0.3001604214310646,1944049
